"name","gender"
"Aaron","M"
"Abigail","F"
"Abraham","M"
"Ada","F"
"Adam","M"
"Adeline","F"
"Adrian","M"
"Adriana","F"
"Agatha","F"
"Agnes","F"
"Aileen","F"
"Alain","M"
"Alan","M"
"Alba","F"
"Alban","M"
"Albert","M"
"Alcyon","F"
"Alec","M"
"Alethea","F"
"Alex","M"
"Alexander","M"
"Alfonso","M"
"Alfred","M"
"Alice","F"
"Alicia","F"
"Alison","F"
"Allan","M"
"Allen","M"
"Alonso","M"
"Aloysius","M"
"Alphonso","M"
"Alvin","M"
"Amadeus","M"
"Amanda","F"
"Amelia","F"
"Amselm","M"
"Amy","F"
"Andrea","F"
"Andrew","M"
"Andy","M"
"Angelina","F"
"Anita","F"
"Ann","F"
"Annabel","F"
"Anne","F"
"Anthony","M"
"Arnold","M"
"Audrey","F"
"Augusta","M"
"Austin","M"
"Barbara","F"
"Barnaby","M"
"Belinda","F"
"Benedict","M"
"Benjamin","M"
"Bernice","F"
"Bertha","F"
"Bertie","M"
"Bertram","M"
"Bill","M"
"Bob","M"
"Bob","M"
"Bonnie","F"
"Boris","M"
"Brady","M"
"Brandon","M"
"Brenda","F"
"Brian","M"
"Bridget","F"
"Brooke","F"
"Bruce","M"
"Bunny","F"
"Burt","M"
"Byron","M"
"Caitlin","F"
"Calvin","M"
"Cara","F"
"Carl","M"
"Carmen","F"
"Carol","F"
"Carter","M"
"Casey","M"
"Catherine","F"
"Cecil","M"
"Charles","M"
"Cheryl","F"
"Cheyenne","F"
"Christian","M"
"Christine","F"
"Christopher","M"
"Cinderalla","F"
"Cindy","F"
"Claire","F"
"Clarence","M"
"Clarice","F"
"Claudia","F"
"Clement","M"
"Cnythia","F"
"Colin","M"
"Conan","M"
"Constance","F"
"Cora","F"
"Corinne","F"
"Daisy","F"
"Dalton","M"
"Damian","M"
"Daniel","M"
"Daphne","F"
"David","M"
"Dawn","F"
"Deborah","F"
"Denis","M"
"Derek","M"
"Derrick","M"
"Desmond","M"
"Diana","F"
"Dick","M"
"Dick","M"
"Dolly","F"
"Dominic","M"
"Donald","M"
"Dora","F"
"Doreen","F"
"Doris","F"
"Dorothy","F"
"Doug","M"
"Douglas","M"
"Duncan","M"
"Edmund","M"
"Edward","M"
"Eileen","F"
"Elaine","F"
"Elizabeth","F"
"Ellen","M"
"Elton","M"
"Elvis","M"
"Emil","M"
"Emily","F"
"Emma","F"
"Eric","M"
"Ethel","F"
"Eugene","M"
"Evan","M"
"Evelyn","F"
"Felix","M"
"Fiona","F"
"Florence","F"
"Frances","F"
"Francis","M"
"Frank","M"
"Fred","M"
"Frederick","M"
"Gary","M"
"Geoffrey","M"
"George","M"
"Gerald","M"
"Geraldine","F"
"Gerry","M"
"Gertrude","F"
"Gladys","F"
"Gloria","F"
"Gordon","M"
"Grace","F"
"Greta","F"
"Guenevere","F"
"Hamish","M"
"Hannah","F"
"Hardy","M"
"Harold","M"
"Harriet","F"
"Harry","M"
"Harry","M"
"Hazel","F"
"Helen","F"
"Henry","M"
"Herbert","M"
"Hilda","F"
"Ida","F"
"Ignatius","M"
"Ingrid","F"
"Inna","F"
"Irene","F"
"Isabel","F"
"Jacinta","F"
"Jack","M"
"Jackie","F"
"James","M"
"Jane","F"
"Janet","F"
"Janice","F"
"Jason","M"
"Jed","M"
"Jeffrey","M"
"Jennifer","F"
"Jessica","F"
"Jessie","F"
"Jim","M"
"Joan","F"
"Jocelyn","F"
"Joe","M"
"John","M"
"Joseph","M"
"Josephine","F"
"Joyce","F"
"Judith","F"
"Judy","F"
"Julia","F"
"Juliana","F"
"Karina","F"
"Karl","M"
"Kate","F"
"Katherine","F"
"Kathleen","F"
"Keith","M"
"Kelli","F"
"Kellie","F"
"Kelly","F"
"Kenneth","M"
"Kevin","M"
"Kristen","F"
"Kristen","F"
"Kristin","F"
"Larry","M"
"Laura","F"
"Lawrence","M"
"Leonard","M"
"Lilian","F"
"Lilita","F"
"Lily","F"
"Linda","F"
"Lindsay","F"
"Lionel","M"
"Lisa","F"
"Lora","F"
"Lorna","F"
"Louis","M"
"Lucas","M"
"Lucy","F"
"Lydia","F"
"Mabel","F"
"Madeline","F"
"Maggie","F"
"Malcolm","M"
"Marc","M"
"Maria","F"
"Mariam","F"
"Marilyn","F"
"Mark","M"
"Marshela","F"
"Martin","M"
"Mary","F"
"Mathew","M"
"Matilda","F"
"Matt","M"
"Maurice","M"
"Mavis","F"
"Max","M"
"Megan","F"
"Melanie","F"
"Melinda","F"
"Melody","F"
"Melvin","M"
"Michael","M"
"Michelle","F"
"Mike","M"
"Mildred","F"
"Milton","M"
"Mitch","M"
"Mitchell","M"
"Molly","F"
"Mona","F"
"Monica","F"
"Morgan","M"
"Morris","M"
"Murphy","M"
"Nancy","F"
"Neville","M"
"Nicholas","M"
"Noel","M"
"Nora","F"
"Norma","F"
"Norman","M"
"Olga","F"
"Oliver","M"
"Oren","M"
"Oscar","M"
"Pamela","F"
"Patricia","F"
"Patrick","M"
"Paul","M"
"Paula","F"
"Pauline","F"
"Pearl","F"
"Peggy","F"
"Penny","F"
"Perkin","M"
"Pete","M"
"Peter","M"
"Phil","M"
"Philip","M"
"Phoebe","F"
"Phyllis","F"
"Polly","F"
"Priscilla","F"
"Rachel","F"
"Ralph","M"
"Randy","M"
"Raymond","M"
"Rebecca","F"
"Richard","M"
"Rick","M"
"Ricky","M"
"Rita","F"
"Rob ","M"
"Robert","M"
"Robin","M"
"Rodney","M"
"Roger","M"
"Roland","M"
"Ronald","M"
"Rosa","F"
"Rosalind","F"
"Rose","F"
"Rosemary","F"
"Rowena","F"
"Roy","M"
"Ruby","F"
"Sally","F"
"Sam","M"
"Samantha","F"
"Sara","F"
"Sarah","F"
"Sebastian","M"
"Selina","F"
"Seth","M"
"Sharon","F"
"Sheila","F"
"Shirley","F"
"Simon","M"
"Sonya","F"
"Stanley","M"
"Stella","F"
"Stephen","M"
"Stuart","M"
"Sue","F"
"Susan","F"
"Sylvia","F"
"Terence","M"
"Teresa","F"
"Thomas","M"
"Tim","M"
"Tina","F"
"Tom","M"
"Tom","M"
"Tommy","M"
"Tony","M"
"Tracy","F"
"Travis","M"
"Ursula","F"
"Valentine","F"
"Valerie","F"
"Vanessa","F"
"Veronica","F"
"Victor","M"
"Victoria","F"
"Vincent","M"
"Violet","F"
"Vivian","F"
"Wallace","M"
"Walter","M"
"Wendy","F"
"Wilfred","M"
"William","M"
"Winnie","F"
"Winston","M"
"Yvonne","F"
